<?xml version="1.0" encoding="utf-8"?>
<!--/238281/1007095/2.50/2/2/Fuse/-->
<quadcept_library>
  <setting unit="mil" />
  <textstyle name="Default" height="47.244094488189" strokewidth="7.8740157480315" charwidth="47.244094488189" />
  <textstyle name="Dimension" height="19.6850393700787" strokewidth="0" charwidth="19.6850393700787" />
  <textstyle name="H127W0635TH00762" height="50" strokewidth="3" charwidth="25" />
  <textstyle name="H15W15TH02" height="59.0551181102362" strokewidth="7.8740157480315" charwidth="59.0551181102362" />
  <padstyle name="s297_h198" surface="False" plated="True" isvia="False" nopaste="True" nomask="True" complex="False" holesize="77.952755905511">
    <padshape layer="TOP" shape="square" width="116.92913385827" height="116.92913385827" />
    <padshape layer="TOP_SOLDER_MASK" shape="square" width="124.8031496063" height="124.8031496063" />
    <padshape layer="INNER" shape="square" width="116.92913385827" height="116.92913385827" />
    <padshape layer="BOTTOM" shape="square" width="116.92913385827" height="116.92913385827" />
    <padshape layer="BOTTOM_SOLDER_MASK" shape="square" width="124.8031496063" height="124.8031496063" />
  </padstyle>
  <padstyle name="c297_h198" surface="False" plated="True" isvia="False" nopaste="True" nomask="True" complex="False" holesize="77.952755905511">
    <padshape layer="TOP" shape="round" width="116.92913385827" height="116.92913385827" />
    <padshape layer="TOP_SOLDER_MASK" shape="round" width="124.8031496063" height="124.8031496063" />
    <padshape layer="INNER" shape="round" width="116.92913385827" height="116.92913385827" />
    <padshape layer="BOTTOM" shape="round" width="116.92913385827" height="116.92913385827" />
    <padshape layer="BOTTOM_SOLDER_MASK" shape="round" width="124.8031496063" height="124.8031496063" />
  </padstyle>
  <footprint name="01020071Z" originx="0" originy="0" pickpointx="0" pickpointy="0">
    <pcbpin number="1" name="1" style="s297_h198" originx="0" originy="0" rotation="90" />
    <pcbpin number="2" name="2" style="c297_h198" originx="300" originy="0" rotation="90" />
    <line layer="TOP_ASSEMBLY" originx="10.03937007874" originy="154.92125984252" endx="289.96062992126" endy="154.92125984252" width="3.9370078740157" />
    <line layer="TOP_ASSEMBLY" originx="289.96062992126" originy="154.92125984252" endx="289.96062992126" endy="-154.92125984252" width="3.9370078740157" />
    <line layer="TOP_ASSEMBLY" originx="289.96062992126" originy="-154.92125984252" endx="10.03937007874" endy="-154.92125984252" width="3.9370078740157" />
    <line layer="TOP_ASSEMBLY" originx="10.03937007874" originy="-154.92125984252" endx="10.03937007874" endy="154.92125984252" width="3.9370078740157" />
    <line layer="TOP_PLACE_BOUND" originx="-97.83464566929" originy="194.29133858267" endx="397.83464566929" endy="194.29133858267" width="3.9370078740157" />
    <line layer="TOP_PLACE_BOUND" originx="397.83464566929" originy="194.29133858267" endx="397.83464566929" endy="-194.29133858267" width="3.9370078740157" />
    <line layer="TOP_PLACE_BOUND" originx="397.83464566929" originy="-194.29133858267" endx="-97.83464566929" endy="-194.29133858267" width="3.9370078740157" />
    <line layer="TOP_PLACE_BOUND" originx="-97.83464566929" originy="-194.29133858267" endx="-97.83464566929" endy="194.29133858267" width="3.9370078740157" />
    <line layer="TOP_SILKSCREEN" originx="10.03937007874" originy="78.740157480314" endx="10.03937007874" endy="154.92125984252" width="7.8740157480314" />
    <line layer="TOP_SILKSCREEN" originx="10.03937007874" originy="154.92125984252" endx="289.96062992126" endy="154.92125984252" width="7.8740157480314" />
    <line layer="TOP_SILKSCREEN" originx="289.96062992126" originy="154.92125984252" endx="289.96062992126" endy="78.740157480314" width="7.8740157480314" />
    <line layer="TOP_SILKSCREEN" originx="289.96062992126" originy="-78.740157480314" endx="289.96062992126" endy="-154.92125984252" width="7.8740157480314" />
    <line layer="TOP_SILKSCREEN" originx="289.96062992126" originy="-154.92125984252" endx="10.03937007874" endy="-154.92125984252" width="7.8740157480314" />
    <line layer="TOP_SILKSCREEN" originx="10.03937007874" originy="-154.92125984252" endx="10.03937007874" endy="-78.740157480314" width="7.8740157480314" />
    <line layer="TOP_SILKSCREEN" originx="-82.67716535433" originy="0" endx="-82.67716535433" endy="0" width="3.9370078740157" />
    <arc layer="TOP_SILKSCREEN" originx="-80.708661417322" originy="0" startangle="180.0" sweepangle="180.0" radius="1.9685039370079" width="3.9370078740157" />
    <line layer="TOP_SILKSCREEN" originx="-78.740157480314" originy="0" endx="-78.740157480314" endy="0" width="3.9370078740157" />
    <arc layer="TOP_SILKSCREEN" originx="-80.708661417322" originy="0" startangle=".0" sweepangle="180.0" radius="1.9685039370079" width="3.9370078740157" />
  </footprint>
  <symbol name="01020071Z" originx="0" originy="0">
    <line originx="200" originy="50" endx="500" endy="50" width="0" />
    <line originx="500" originy="-50" endx="500" endy="50" width="0" />
    <line originx="500" originy="-50" endx="200" endy="-50" width="0" />
    <line originx="200" originy="50" endx="200" endy="-50" width="0" />
    <line originx="200" originy="0" endx="500" endy="0" width="0" />
    <sympin number="1" originx="200" originy="0" rotation="180" length="100" width="7.8740157480315" flipped="False">
      <text name="pinname" originx="0" originy="-10" style="Default" rotation="0" justify="upperleft" flipped="False" hidden="True" data="1" />
      <text name="pindes" originx="0" originy="10" style="Default" rotation="0" justify="lowerleft" flipped="False" hidden="False" data="1" />
    </sympin>
    <sympin number="2" originx="500" originy="0" rotation="0" length="100" width="7.8740157480315" flipped="False">
      <text name="pinname" originx="700" originy="-10" style="Default" rotation="0" justify="upperright" flipped="False" hidden="True" data="2" />
      <text name="pindes" originx="700" originy="10" style="Default" rotation="0" justify="lowerright" flipped="False" hidden="False" data="2" />
    </sympin>
  </symbol>
  <component name="01020071Z" designatorprefix="F" height="420.07874015748" footprint="01020071Z">
    <comppin designator="1" sympin="1" pinswap="0" gateswap="0" gate="1" group="1" side="" type="Any" name="1" />
    <comppin designator="2" sympin="2" pinswap="0" gateswap="0" gate="1" group="1" side="" type="Any" name="2" />
    <attached_symbol gate="1" name="01020071Z" />
    <pinmap designator="1" footprintpin="1" />
    <pinmap designator="2" footprintpin="2" />
    <text name="Datasheet" originx="0" originy="0" style="Default" rotation="0" justify="" flipped="False" hidden="True" data="https://www.littelfuse.com/assetdocs/102-bt-series-datasheet?assetguid=896a24d8-f3d9-44d3-91aa-0a751a3c9fc6" />
    <text name="Description" originx="0" originy="0" style="Default" rotation="0" justify="" flipped="False" hidden="True" data="Fuse Clip 15 A 250V 1 Circuit Cartridge Through Hole" />
    <text name="Mouser Part Number" originx="0" originy="0" style="Default" rotation="0" justify="" flipped="False" hidden="True" data="576-01020071Z" />
    <text name="Mouser Price/Stock" originx="0" originy="0" style="Default" rotation="0" justify="" flipped="False" hidden="True" data="https://www.mouser.co.uk/ProductDetail/Littelfuse/01020071Z?qs=hgmQaE9nnAzCBYDQcIezzw%3D%3D" />
    <text name="Manufacturer_Name" originx="0" originy="0" style="Default" rotation="0" justify="" flipped="False" hidden="True" data="LITTELFUSE" />
    <text name="Manufacturer_Part_Number" originx="550" originy="150" style="Default" rotation="0" justify="left" flipped="False" hidden="False" data="01020071Z" />
  </component>
</quadcept_library>
