<?xml version="1.0" encoding="utf-8"?>
<!--/975691/1007095/2.50/2/4/Hardware/-->
<quadcept_library>
  <setting unit="mil" />
  <textstyle name="Default" height="47.244094488189" strokewidth="7.8740157480315" charwidth="47.244094488189" />
  <textstyle name="Dimension" height="19.6850393700787" strokewidth="0" charwidth="19.6850393700787" />
  <textstyle name="H127W0635TH00762" height="50" strokewidth="3" charwidth="25" />
  <textstyle name="H15W15TH02" height="59.0551181102362" strokewidth="7.8740157480315" charwidth="59.0551181102362" />
  <padstyle name="c210_h140" surface="False" plated="True" isvia="False" nopaste="True" nomask="True" complex="False" holesize="55.11811023622">
    <padshape layer="TOP" shape="round" width="82.67716535433" height="82.67716535433" />
    <padshape layer="TOP_SOLDER_MASK" shape="round" width="90.551181102361" height="90.551181102361" />
    <padshape layer="INNER" shape="round" width="82.67716535433" height="82.67716535433" />
    <padshape layer="BOTTOM" shape="round" width="82.67716535433" height="82.67716535433" />
    <padshape layer="BOTTOM_SOLDER_MASK" shape="round" width="90.551181102361" height="90.551181102361" />
  </padstyle>
  <footprint name="52000001009" originx="0" originy="0" pickpointx="0" pickpointy="0">
    <pcbpin number="1" name="1" style="c210_h140" originx="0" originy="0" rotation="90" />
    <pcbpin number="2" name="2" style="c210_h140" originx="196.85039370078" originy="0" rotation="90" />
    <line layer="TOP_ASSEMBLY" originx="-27.55905511811" originy="102.36220472441" endx="177.16535433071" endy="102.36220472441" width="7.8740157480314" />
    <line layer="TOP_ASSEMBLY" originx="177.16535433071" originy="102.36220472441" endx="177.16535433071" endy="-102.36220472441" width="7.8740157480314" />
    <line layer="TOP_ASSEMBLY" originx="177.16535433071" originy="-102.36220472441" endx="-27.55905511811" endy="-102.36220472441" width="7.8740157480314" />
    <line layer="TOP_ASSEMBLY" originx="-27.55905511811" originy="-102.36220472441" endx="-27.55905511811" endy="102.36220472441" width="7.8740157480314" />
    <line layer="TOP_PLACE_BOUND" originx="-80.708661417322" originy="141.73228346457" endx="277.55905511811" endy="141.73228346457" width="3.9370078740157" />
    <line layer="TOP_PLACE_BOUND" originx="277.55905511811" originy="141.73228346457" endx="277.55905511811" endy="-141.73228346457" width="3.9370078740157" />
    <line layer="TOP_PLACE_BOUND" originx="277.55905511811" originy="-141.73228346457" endx="-80.708661417322" endy="-141.73228346457" width="3.9370078740157" />
    <line layer="TOP_PLACE_BOUND" originx="-80.708661417322" originy="-141.73228346457" endx="-80.708661417322" endy="141.73228346457" width="3.9370078740157" />
    <line layer="TOP_SILKSCREEN" originx="-27.55905511811" originy="-59.055118110235" endx="-27.55905511811" endy="-102.36220472441" width="3.9370078740157" />
    <line layer="TOP_SILKSCREEN" originx="-27.55905511811" originy="-102.36220472441" endx="177.16535433071" endy="-102.36220472441" width="3.9370078740157" />
    <line layer="TOP_SILKSCREEN" originx="177.16535433071" originy="-102.36220472441" endx="177.16535433071" endy="-59.055118110235" width="3.9370078740157" />
    <line layer="TOP_SILKSCREEN" originx="-27.55905511811" originy="59.055118110235" endx="-27.55905511811" endy="102.36220472441" width="3.9370078740157" />
    <line layer="TOP_SILKSCREEN" originx="-27.55905511811" originy="102.36220472441" endx="177.16535433071" endy="102.36220472441" width="3.9370078740157" />
    <line layer="TOP_SILKSCREEN" originx="177.16535433071" originy="102.36220472441" endx="177.16535433071" endy="59.055118110235" width="3.9370078740157" />
  </footprint>
  <symbol name="52000001009" originx="0" originy="0">
    <line originx="200" originy="100" endx="600" endy="100" width="0" />
    <line originx="600" originy="-200" endx="600" endy="100" width="0" />
    <line originx="600" originy="-200" endx="200" endy="-200" width="0" />
    <line originx="200" originy="100" endx="200" endy="-200" width="0" />
    <sympin number="1" originx="200" originy="0" rotation="180" length="100" width="7.8740157480315" flipped="False">
      <text name="pinname" originx="230" originy="0" style="Default" rotation="0" justify="left" flipped="False" hidden="False" data="1" />
      <text name="pindes" originx="140" originy="20" style="Default" rotation="0" justify="lowerright" flipped="False" hidden="False" data="1" />
    </sympin>
    <sympin number="2" originx="200" originy="-100" rotation="180" length="100" width="7.8740157480315" flipped="False">
      <text name="pinname" originx="230" originy="-100" style="Default" rotation="0" justify="left" flipped="False" hidden="False" data="2" />
      <text name="pindes" originx="140" originy="-80" style="Default" rotation="0" justify="lowerright" flipped="False" hidden="False" data="2" />
    </sympin>
  </symbol>
  <component name="52000001009" designatorprefix="H" height="314.96062992126" footprint="52000001009">
    <comppin designator="1" sympin="1" pinswap="0" gateswap="0" gate="1" group="1" side="" type="Any" name="1" />
    <comppin designator="2" sympin="2" pinswap="0" gateswap="0" gate="1" group="1" side="" type="Any" name="2" />
    <attached_symbol gate="1" name="52000001009" />
    <pinmap designator="1" footprintpin="1" />
    <pinmap designator="2" footprintpin="2" />
    <text name="Datasheet" originx="0" originy="0" style="Default" rotation="0" justify="" flipped="False" hidden="True" data="https://www.littelfuse.com/~/media/electronics/datasheets/fuse_clips/littelfuse_fuse_clip_520_521_102071_datasheet.pdf.pdf" />
    <text name="Description" originx="0" originy="0" style="Default" rotation="0" justify="" flipped="False" hidden="True" data="Littelfuse Phosphor Bronze PCB Mount Fuse Clip for 5 x 20mm Cartridge Fuse" />
    <text name="Mouser Part Number" originx="0" originy="0" style="Default" rotation="0" justify="" flipped="False" hidden="True" data="576-52000001009" />
    <text name="Mouser Price/Stock" originx="0" originy="0" style="Default" rotation="0" justify="" flipped="False" hidden="True" data="https://www.mouser.co.uk/ProductDetail/Littelfuse/52000001009?qs=TxeoXSYJMVRCKOrJrEyYEQ%3D%3D" />
    <text name="Manufacturer_Name" originx="0" originy="0" style="Default" rotation="0" justify="" flipped="False" hidden="True" data="LITTELFUSE" />
    <text name="Manufacturer_Part_Number" originx="650" originy="200" style="Default" rotation="0" justify="left" flipped="False" hidden="False" data="52000001009" />
  </component>
</quadcept_library>
